run_num,model name,num epochs,epoch stop,batch size,learning rate,weight_decay,beta1,beta2,min lr,kernel size,max ch,norm ref,norm lambda,n heads,drop prob,n trans layers,attention type,loss_func,loss,loss_val,dice,loss SD,loss_val SD,dice SD,Avg Error,Avg FA rate,Avg MD rate,run time,eval run time
0,TransU_Net,120,120,64,0.000108333,1.32E-08,0.988126407,0.999677322,6.05E-11,11,128,0.01,0,4,0.2,1,Add,"DiceBCELoss(
  (bce_loss): CrossEntropyLoss()
)",0.109315068,0.108513668,0.953949571,0.027817157,0.031173111,0.016816582,0.016083126,0.047713718,0.059269384,3263.732337,36.64256382
2,TransU_Net,120,120,64,0.000716734,2.92E-06,0.700308431,0.979503769,3.85E-10,11,128,0.01,0,4,0.2,1,Add,CrossEntropyLoss(),0.058333751,0.053380508,0.982455254,0.059041829,0.090585286,0.021367542,0.016346313,0.043551193,0.056722167,3270.054275,76.85724878
4,TransU_Net,120,120,64,0.00504876,1.27E-09,0.933337428,0.99471765,2.22E-08,11,128,0.01,0,4,0.2,1,Add,"DiceBCELoss(
  (bce_loss): CrossEntropyLoss()
)",0.073015094,0.071574725,0.968799591,0.03365282,0.057936009,0.034920228,0.015236433,0.031498509,0.058213221,3360.444321,55.61936831
13,TransU_Net,120,120,64,0.000441171,2.27E-07,0.979011755,0.988419063,5.33E-06,11,128,0.01,0,4,0.2,1,Add,CrossEntropyLoss(),0.104242057,0.099833459,0.965509534,0.050278206,0.0555685,0.010254346,0.017287332,0.050509443,0.05597664,3409.080315,39.84139156
23,TransU_Net,120,120,64,0.004692281,2.63E-06,0.773470238,0.999027689,1.54E-10,11,128,0.01,0,4,0.2,1,Add,CrossEntropyLoss(),0.046717867,0.04261617,0.98538518,0.054190044,0.030653288,0.011418341,0.016573601,0.035536779,0.057902584,3380.629404,37.92687654
24,TransU_Net,120,120,64,0.000711017,1.99E-06,0.777639462,0.999153802,1.30E-10,11,128,0.01,0,4,0.2,1,Add,CrossEntropyLoss(),0.052576248,0.049264796,0.983807206,0.066675567,0.05575776,0.007282786,0.01583972,0.040941849,0.062189364,3389.570326,44.30980062
25,TransU_Net,120,120,64,0.001631369,9.40E-05,0.812761307,0.999075707,1.10E-10,11,128,0.01,0,4,0.2,1,Add,CrossEntropyLoss(),0.093643807,0.090940289,0.969226539,0.058292682,0.038366007,0.011491921,0.015860299,0.033113817,0.058088966,3304.693846,28.03691411
26,TransU_Net,120,120,64,0.000314373,3.92E-06,0.571890307,0.99911551,1.30E-10,11,128,0.01,0,4,0.2,1,Add,CrossEntropyLoss(),0.046098523,0.041725211,0.986273289,0.063877574,0.068765238,0.013785441,0.017514071,0.051503479,0.060325547,3357.48386,37.52803326
27,TransU_Net,120,120,64,0.000281844,7.60E-06,0.553953686,0.998239422,1.35E-09,11,128,0.01,0,4,0.2,1,Add,CrossEntropyLoss(),0.058689512,0.055722333,0.981102467,0.06067667,0.076937661,0.018024466,0.017224727,0.047340954,0.061692346,3317.749683,49.1376493
32,TransU_Net,120,120,64,0.000796279,7.72E-07,0.733788112,0.99631529,2.57E-10,11,128,0.01,0,4,0.2,1,Add,CrossEntropyLoss(),0.062540904,0.059300695,0.980017006,0.063620302,0.092220639,0.025486217,0.015066892,0.045042247,0.062624254,3355.000965,31.30698848
33,TransU_Net,120,120,64,0.001399014,1.70E-07,0.62268297,0.999830043,2.14E-09,11,128,0.01,0,4,0.2,1,Add,"FocalLoss(
  (bce_loss): CrossEntropyLoss()
)",0.001264497,0.001119213,0.961363614,0.006278139,0.043700226,0.024662229,0.016307831,0.038270378,0.060511928,3293.974723,36.30766726
34,TransU_Net,120,120,64,0.000512828,8.19E-06,0.865840926,0.998305149,4.28E-08,11,128,0.01,0,4,0.2,1,Add,CrossEntropyLoss(),0.047173001,0.044729508,0.984973192,0.064339203,0.073148678,0.01050293,0.016480325,0.057281312,0.05666004,3271.604672,47.70927668
36,TransU_Net,120,120,64,0.000193223,0.004265427,0.799612186,0.997230548,4.44E-09,11,128,0.01,0,4,0.2,1,Add,CrossEntropyLoss(),0.052099027,0.047871761,0.988408208,0.045899133,0.076483132,0.020218108,0.01854514,0.045725646,0.062810636,3258.995684,28.954633
38,TransU_Net,120,120,64,0.000231495,0.006478995,0.806543806,0.996205489,5.00E-08,11,128,0.01,0,4,0.2,1,Add,"DiceBCELoss(
  (bce_loss): CrossEntropyLoss()
)",0.093127996,0.090940155,0.967212081,0.032746994,0.063325728,0.023761923,0.016916495,0.037152087,0.061568091,3410.902269,22.1275382
41,TransU_Net,120,120,64,6.47E-05,0.002606841,0.613571773,0.998645351,1.55E-08,11,128,0.01,0,4,0.2,1,Add,CrossEntropyLoss(),0.10928417,0.104121387,0.976713479,0.024599525,0.02868358,0.026815375,0.018036794,0.051130716,0.068029324,3507.140365,65.23276114
45,TransU_Net,120,120,64,8.96E-05,0.002321542,0.701438622,0.997168695,2.11E-06,11,128,0.01,0,4,0.2,1,Add,"FocalLoss(
  (bce_loss): CrossEntropyLoss()
)",0.002638042,0.002256731,0.977992177,0.013643461,0.018468207,0.02747523,0.018573015,0.034232107,0.07554672,3504.916258,39.22964692
50,TransU_Net,120,120,64,0.00975173,6.92E-09,0.676249618,0.994615698,4.33E-10,11,128,0.01,0,4,0.2,1,Add,"DiceBCELoss(
  (bce_loss): CrossEntropyLoss()
)",0.058527142,0.056809139,0.975896835,0.024629269,0.066572339,0.028695316,0.016192749,0.031747018,0.057529821,3539.978401,79.71011543
51,TransU_Net,120,120,64,0.000554058,9.91E-07,0.963167479,0.974927745,1.72E-09,11,128,0.01,0,4,0.2,1,Add,CrossEntropyLoss(),0.070278555,0.066325516,0.977931023,0.057377663,0.113753517,0.022883005,0.017102653,0.052249006,0.05846173,4302.575304,78.04297709
55,TransU_Net,120,120,64,5.64E-05,4.76E-06,0.891410505,0.997924822,8.89E-06,11,128,0.01,0,4,0.2,1,Add,CrossEntropyLoss(),0.120472424,0.129513606,0.957676768,0.024278294,0.012149612,0.012084466,0.02026534,0.053988569,0.058710239,4218.221052,122.7745109
59,TransU_Net,120,120,64,0.006734105,2.11E-05,0.869518777,0.998640121,7.37E-11,11,128,0.01,0,4,0.2,1,Add,CrossEntropyLoss(),0.130765587,0.127956614,0.95539844,0.038802249,0.041261472,0.016106981,0.014364035,0.032244036,0.060387674,4193.454064,39.75773978
61,TransU_Net,120,120,64,0.000610725,0.000357357,0.822494716,0.981820529,1.85E-11,11,128,0.01,0,4,0.2,1,Add,CrossEntropyLoss(),0.073966086,0.070836142,0.977421761,0.058698951,0.070246072,0.015183937,0.015722384,0.039512922,0.061195328,4196.35919,58.90079021
63,TransU_Net,120,120,64,0.001218961,1.00E-09,0.723984062,0.999784254,2.15E-10,11,128,0.01,0,4,0.2,1,Add,"FocalLoss(
  (bce_loss): CrossEntropyLoss()
)",0.000612969,0.000547882,0.97046715,0.006179971,0.010110029,0.015853783,0.016566228,0.043737575,0.057281312,4196.36574,64.81306267
64,TransU_Net,120,120,64,0.003447601,5.76E-05,0.91313382,0.999491131,8.56E-10,11,128,0.01,0,4,0.2,1,Add,CrossEntropyLoss(),0.128379956,0.125336826,0.956520796,0.04519217,0.03853357,0.015138027,0.015596278,0.028702783,0.057654076,4193.245104,61.19242072
65,TransU_Net,120,120,64,0.004757757,2.46E-06,0.777365915,0.99912244,1.67E-10,11,128,0.01,0,4,0.2,1,Add,CrossEntropyLoss(),0.053277843,0.049910799,0.983376682,0.045003543,0.060659146,0.018484306,0.016063347,0.037959742,0.056784294,4208.370838,54.71740079
66,TransU_Net,120,120,64,0.000249168,1.68E-05,0.563954112,0.998968852,2.90E-11,11,128,0.01,0,4,0.2,1,Add,CrossEntropyLoss(),0.041344441,0.037388884,0.988099277,0.053680472,0.123032558,0.032609222,0.017177667,0.050633698,0.06833996,4207.667888,49.18815255
67,TransU_Net,120,101,64,0.00038523,0.00078346,0.561317966,0.997332241,1.22E-11,11,128,0.01,0,4,0.2,1,Add,CrossEntropyLoss(),0.090566799,0.083291471,0.972545266,0.082717285,0.211007969,0.337501975,0.016153772,0.04181163,0.059952783,3542.497042,46.31880689
68,TransU_Net,120,120,64,0.000238917,0.0001587,0.677934903,0.998595177,9.40E-11,11,128,0.01,0,4,0.2,1,Add,CrossEntropyLoss(),0.038549967,0.035211649,0.988801718,0.050976441,0.060859177,0.011746907,0.016638143,0.045601392,0.066041252,4209.633943,74.87519264
69,TransU_Net,120,120,64,9.80E-05,0.000109316,0.61994617,0.998743734,2.52E-11,11,128,0.01,0,4,0.2,1,Add,CrossEntropyLoss(),0.085352585,0.08122921,0.978681266,0.040864998,0.037867634,0.025632933,0.017406919,0.034977634,0.075173956,4196.774111,87.8264215
70,TransU_Net,120,120,64,7.21E-05,0.047615597,0.744862324,0.994802483,3.65E-11,11,128,0.01,0,4,0.2,1,Add,CrossEntropyLoss(),0.214555562,0.211995214,0.974507689,0.024980146,0.069792705,0.029108713,0.017149688,0.039202286,0.065109344,4193.353685,39.2793529
71,TransU_Net,120,120,64,0.000255869,0.000156813,0.830278603,0.997927967,8.72E-11,11,128,0.01,0,4,0.2,1,Add,CrossEntropyLoss(),0.037295379,0.033340193,0.989207745,0.05805249,0.076188425,0.016174582,0.017150036,0.044917992,0.066476143,4190.364645,67.64461493
74,TransU_Net,120,120,64,0.000424917,0.000448094,0.895151983,0.996697203,3.22E-10,11,128,0.01,0,4,0.2,1,Add,"DiceBCELoss(
  (bce_loss): CrossEntropyLoss()
)",0.053802524,0.051064689,0.979167759,0.041479734,0.056065404,0.015489901,0.016054221,0.043116302,0.062872763,4205.208949,40.56527925
75,TransU_Net,120,120,64,5.22E-05,0.001909104,0.933244667,0.999278774,1.45E-09,11,128,0.01,0,4,0.2,1,Add,CrossEntropyLoss(),0.205434874,0.19769311,0.962319076,0.02426143,0.018336577,0.032871923,0.018484083,0.029572565,0.078156064,4207.917835,146.4453757
76,TransU_Net,120,120,64,0.001954725,0.000124482,0.947084108,0.998373471,6.00E-11,11,128,0.01,0,4,0.2,1,Add,CrossEntropyLoss(),0.13269034,0.131422997,0.953807294,0.047256138,0.073732069,0.02598097,0.014195456,0.026217694,0.066227634,4194.889783,24.47709107
78,TransU_Net,120,120,64,0.00015742,0.00122338,0.796236436,0.994327727,1.23E-11,11,128,0.01,0,4,0.2,1,Add,"FocalLoss(
  (bce_loss): CrossEntropyLoss()
)",0.001678832,0.00144995,0.980466008,0.00714928,0.043131743,10,0.017867805,0.040569085,0.068029324,4185.48811,55.9029026
82,TransU_Net,120,120,64,0.00010577,0.00019763,0.819009216,0.990990673,6.20E-08,11,128,0.01,0,4,0.2,1,Add,CrossEntropyLoss(),0.057484869,0.054372702,0.982859135,0.02448956,0.057677729,0.020082038,0.019425023,0.073123757,0.060574056,4193.871261,92.5576539
84,TransU_Net,120,120,64,8.33E-05,9.79E-06,0.696991732,0.997656156,1.75E-08,11,128,0.01,0,4,0.2,1,Add,CrossEntropyLoss(),0.087394074,0.088937484,0.972077608,0.022452452,0.035008149,0.017105505,0.018421879,0.060946819,0.0618166,4210.39864,105.6615047
86,TransU_Net,120,120,64,0.001121096,0.000451562,0.64356011,0.998054595,1.11E-09,11,128,0.01,0,4,0.2,1,Add,CrossEntropyLoss(),0.121004075,0.119035982,0.959300518,0.054141564,0.11227993,0.027816973,0.014737399,0.029137674,0.061568091,4182.749574,40.01093507
89,TransU_Net,120,120,64,0.000139634,9.08E-05,0.877025829,0.985052939,9.57E-11,11,128,0.01,0,4,0.2,1,Add,CrossEntropyLoss(),0.061192602,0.058263078,0.981125355,0.043145733,0.059729757,0.02107201,0.019405579,0.052249006,0.057032803,4181.972961,60.86577559
98,TransU_Net,120,120,64,0.000343355,8.22E-05,0.81059767,0.935425312,2.20E-11,11,128,0.01,0,4,0.2,1,Add,CrossEntropyLoss(),0.034728087,0.030917607,0.989704251,0.060924445,0.072675323,0.01348516,0.0175815,0.053864314,0.060263419,4150.442986,59.5834887
100,TransU_Net,120,120,64,0.001019963,7.91E-05,0.954619309,0.99848959,4.01E-11,11,128,0.01,0,4,0.2,1,Add,CrossEntropyLoss(),0.080608487,0.081351899,0.972253084,0.061741195,0.069413988,0.020959993,0.014690675,0.033797217,0.065233598,4125.171541,42.84410477
102,TransU_Net,120,120,64,0.000270065,6.09E-06,0.812242652,0.981047404,5.31E-10,11,128,0.01,0,4,0.2,1,Add,CrossEntropyLoss(),0.046087515,0.042165559,0.985908747,0.0521034,0.070098287,0.01564039,0.018349517,0.052497515,0.061319583,4068.85501,66.85406399
103,TransU_Net,120,120,64,0.000345379,3.72E-05,0.972441752,0.938799504,8.67E-11,11,128,0.01,0,4,0.2,1,Add,CrossEntropyLoss(),0.086958885,0.084085554,0.97159791,0.055584824,0.065168878,0.011609659,0.016067993,0.05013668,0.058399602,4150.495161,69.26010418
106,TransU_Net,120,120,64,0.0001165,2.23E-08,0.69574474,0.999640174,5.85E-11,11,128,0.01,0,4,0.2,1,Add,"FocalLoss(
  (bce_loss): CrossEntropyLoss()
)",0.004490091,0.003779887,0.965140462,0.016489124,0.008286904,0.011094474,0.01687054,0.033238072,0.078528827,4157.8395,119.5511978
107,TransU_Net,120,120,64,0.00049068,0.000549835,0.662242636,0.990391038,8.11E-10,11,128,0.01,0,4,0.2,1,Add,CrossEntropyLoss(),0.082677275,0.079266235,0.974646568,0.05692572,0.067036064,0.015714595,0.01606556,0.038518887,0.063680417,4154.659007,57.54937029
108,TransU_Net,120,120,64,0.000774067,0.000890097,0.889744765,0.999759823,2.98E-11,11,128,0.01,0,4,0.2,1,Add,CrossEntropyLoss(),0.081411809,0.080099888,0.974965215,0.060661866,0.04381559,0.008005522,0.016155402,0.035785288,0.060574056,4144.885273,37.3007381
110,TransU_Net,120,120,64,0.000383987,0.000304734,0.847872727,0.993780531,4.82E-11,11,128,0.01,0,4,0.2,1,Add,"DiceBCELoss(
  (bce_loss): CrossEntropyLoss()
)",0.043344177,0.040705547,0.983668327,0.043574036,0.058459295,0.013257074,0.016443591,0.043364811,0.060014911,4154.978492,61.71568513
112,TransU_Net,120,120,64,0.004095365,9.80E-07,0.980518395,0.992472512,1.54E-11,11,128,0.01,0,4,0.2,1,Add,CrossEntropyLoss(),0.109012961,0.106748775,0.961851716,0.049454147,0.045473109,0.016149529,0.014304396,0.030504473,0.061443837,4160.475724,49.54269242
115,TransU_Net,120,120,64,0.002754115,1.25E-05,0.903496633,0.963800332,1.02E-11,11,128,0.01,0,4,0.2,1,Add,"FocalLoss(
  (bce_loss): CrossEntropyLoss()
)",0.002047422,0.001906276,0.952021003,0.003831069,0.005832513,0.021842084,0.014035211,0.030628728,0.0631834,4146.71761,32.61984801
116,TransU_Net,120,120,64,5.75E-05,0.000136211,0.931092404,0.999809576,1.90E-10,11,128,0.01,0,4,0.2,1,Add,CrossEntropyLoss(),0.186045527,0.181407094,0.958719492,0.030205497,0.023831425,0.018917809,0.017595089,0.025037276,0.079833499,4149.086829,70.58084297
117,TransU_Net,120,120,64,0.000909133,4.87E-06,0.96152631,0.999087248,1.56E-09,11,128,0.01,0,4,0.2,1,Add,CrossEntropyLoss(),0.077799007,0.074020199,0.974965334,0.06142654,0.056762223,0.014532688,0.015445475,0.041998012,0.056038767,4174.367649,57.3138628
119,TransU_Net,120,120,64,0.000276667,0.001931669,0.968286646,0.998174021,7.99E-11,11,128,0.01,0,4,0.2,1,Add,"DiceBCELoss(
  (bce_loss): CrossEntropyLoss()
)",0.086811095,0.084808826,0.964261651,0.041134684,0.045231588,0.014568168,0.017391785,0.036592942,0.064798708,4161.650239,35.28626084
121,TransU_Net,120,120,64,0.002207906,1.64E-05,0.804899524,0.996910123,4.71E-11,11,128,0.01,0,4,0.2,1,Add,CrossEntropyLoss(),0.089475565,0.088961273,0.969597578,0.061915976,0.029215873,0.009441323,0.01618476,0.0319334,0.059083002,4338.54827,59.17022538
125,TransU_Net,120,120,64,0.000138111,5.43E-05,0.749234987,0.995016027,1.31E-10,11,128,0.01,0,4,0.2,1,Add,CrossEntropyLoss(),0.055380225,0.055097084,0.98163116,0.033246751,0.080216347,0.022898457,0.018247143,0.082318588,0.056722167,4142.634493,98.16976762
126,TransU_Net,120,120,64,0.000212646,0.000246404,0.514176983,0.999853379,6.67E-10,11,128,0.01,0,4,0.2,1,Add,CrossEntropyLoss(),0.052567929,0.048664097,0.986899972,0.062785533,0.060748294,0.014332673,0.016413658,0.047278827,0.067035288,4152.920768,73.31616616
130,TransU_Net,120,120,64,0.000453599,3.49E-06,0.837114645,0.999493315,3.76E-10,11,128,0.01,0,4,0.2,1,Add,CrossEntropyLoss(),0.039116565,0.0359037,0.988101721,0.055423098,0.086497554,0.052138044,0.015471948,0.046968191,0.066973161,4131.284225,49.83251762
137,TransU_Net,120,120,64,0.000167455,2.44E-06,0.685473912,0.993984242,8.54E-06,11,128,0.01,0,4,0.2,1,Add,CrossEntropyLoss(),0.053667955,0.051150002,0.982407749,0.042752126,0.087513917,0.024303445,0.016703295,0.067159543,0.062437873,4158.450806,79.1456604
143,TransU_Net,120,120,64,0.000305343,0.000338667,0.500784633,0.998286431,5.66E-11,11,128,0.01,0,4,0.2,1,Add,CrossEntropyLoss(),0.050318699,0.046256248,0.985161662,0.066613548,0.083290632,0.019779981,0.018189302,0.046781809,0.060884692,4162.502683,73.19793916
144,TransU_Net,120,120,64,0.000257402,6.55E-06,0.917891785,0.998707531,1.95E-09,11,128,0.01,0,4,0.2,1,Add,"FocalLoss(
  (bce_loss): CrossEntropyLoss()
)",0.000410735,0.000314469,0.979516983,0.010128702,0.007734162,0.011652081,0.016344172,0.048583499,0.065295726,4153.004511,45.59013271
145,TransU_Net,120,120,64,0.000209779,0.016378035,0.737331983,0.996693929,6.83E-08,11,128,0.01,0,4,0.2,1,Add,CrossEntropyLoss(),0.154944018,0.151164964,0.961890161,0.051314849,0.459249586,0.065032615,0.016053874,0.036779324,0.063928926,4143.915231,28.03202415
146,TransU_Net,120,120,64,0.000130946,0.004942154,0.815602561,0.99756132,2.65E-07,11,128,0.01,0,4,0.2,1,Add,CrossEntropyLoss(),0.064009577,0.059886765,0.98686862,0.051740924,0.063596347,0.018974246,0.01693734,0.040755467,0.068588469,4146.344862,57.11558938
147,TransU_Net,120,120,64,7.98E-05,0.003364832,0.850455937,0.996081111,3.57E-08,11,128,0.01,0,4,0.2,1,Add,CrossEntropyLoss(),0.066147089,0.061038449,0.985190988,0.023956301,0.048462536,0.024913089,0.018661247,0.044855865,0.071011431,4131.000205,64.07968473
148,TransU_Net,120,120,64,6.26E-05,0.00018319,0.702959601,0.999004651,1.11E-07,11,128,0.01,0,4,0.2,1,Add,CrossEntropyLoss(),0.132765353,0.133867621,0.964502513,0.029148372,0.034273605,0.015669263,0.017847952,0.07374503,0.059890656,4129.270726,69.0409584
149,TransU_Net,120,120,64,0.000419386,0.000104861,0.786383356,0.99809967,6.91E-10,11,128,0.01,0,4,0.2,1,Add,CrossEntropyLoss(),0.039535683,0.035882197,0.988479733,0.068143238,0.094939037,0.016938551,0.017397866,0.045663519,0.061133201,4159.279754,67.15435433
150,TransU_Net,120,120,64,0.000418428,0.000111988,0.788164864,0.99811685,2.80E-10,11,128,0.01,0,4,0.2,1,Add,CrossEntropyLoss(),0.034256689,0.031306162,0.990020096,0.066781189,0.081351193,0.015428988,0.017719931,0.04429672,0.064736581,4141.550083,52.12365842
151,TransU_Net,120,120,64,0.000691348,5.70E-05,0.544897317,0.999444642,2.87E-10,11,128,0.01,0,4,0.2,1,Add,CrossEntropyLoss(),0.072319806,0.068021566,0.977794886,0.067245329,0.081319844,0.0225464,0.015361881,0.036903579,0.059393638,4132.504963,54.8162806
152,TransU_Net,120,120,64,0.000587646,1.47E-05,0.864542733,0.99511575,9.31E-11,11,128,0.01,0,4,0.2,1,Add,CrossEntropyLoss(),0.063902527,0.059921108,0.979717016,0.06387424,0.052127585,0.016560393,0.016583852,0.051130716,0.057032803,4134.327185,49.82241416
153,TransU_Net,120,120,64,0.0009898,2.26E-05,0.839834793,0.999592869,1.50E-10,11,128,0.01,0,4,0.2,1,Add,CrossEntropyLoss(),0.063506067,0.060319304,0.980020761,0.067313612,0.071898351,0.015676896,0.01749327,0.040755467,0.057591948,4134.683504,54.09352374
155,TransU_Net,120,120,64,0.00033128,0.000256539,0.752325455,0.998621221,3.47E-11,11,128,0.01,0,4,0.2,1,Add,CrossEntropyLoss(),0.041736424,0.037634023,0.988265991,0.066143863,0.074733153,0.01519353,0.016483692,0.043861829,0.064798708,4128.745284,63.11741662
157,TransU_Net,120,120,64,0.000112657,4.13E-05,0.886020626,0.98984387,2.07E-11,11,128,0.01,0,4,0.2,1,Add,"DiceBCELoss(
  (bce_loss): CrossEntropyLoss()
)",0.061537899,0.062600181,0.973623335,0.021244184,0.027717077,0.013819869,0.018228438,0.050074553,0.0631834,4142.69092,63.19052839
158,TransU_Net,120,120,64,0.000477524,0.000145643,0.728973249,0.999340555,7.36E-11,11,128,0.01,0,4,0.2,1,Add,CrossEntropyLoss(),0.046407022,0.042211071,0.986721098,0.071340364,0.088251093,0.021994808,0.017680019,0.044234592,0.060946819,4143.640706,58.28146434
159,TransU_Net,120,120,64,0.001268134,8.66E-06,0.899498195,0.996583652,2.05E-10,11,128,0.01,0,4,0.2,1,Add,CrossEntropyLoss(),0.060150977,0.056960143,0.981078506,0.065974991,0.033373865,0.006995766,0.01662695,0.043054175,0.05666004,4136.655419,68.18820143
163,TransU_Net,120,120,64,0.0001378,2.91E-05,0.70693225,0.999035161,4.06E-09,11,128,0.01,0,4,0.2,1,Add,CrossEntropyLoss(),0.068143405,0.069639139,0.978549719,0.047791054,0.056353039,0.027442184,0.017209462,0.065482107,0.056100895,4128.815525,78.09271407
167,TransU_Net,120,120,64,0.000539553,4.62E-06,0.857309982,0.999670646,6.25E-11,11,128,0.01,0,4,0.2,1,Add,"DiceBCELoss(
  (bce_loss): CrossEntropyLoss()
)",0.042956047,0.041100286,0.983189821,0.047167838,0.051054757,0.016737085,0.016092922,0.040941849,0.062313618,4144.777818,56.85277247
168,TransU_Net,120,120,64,0.000699199,9.06E-07,0.76496429,0.991731954,1.02E-11,11,128,0.01,0,4,0.2,1,Add,CrossEntropyLoss(),0.053179525,0.048917718,0.983605623,0.062819154,0.056356386,0.015065175,0.017736513,0.04541501,0.057591948,4151.767189,94.11770749
169,TransU_Net,120,120,64,0.002582428,1.60E-06,0.641974771,0.982949557,8.02E-10,11,128,0.01,0,4,0.2,1,Add,CrossEntropyLoss(),0.070147529,0.066889673,0.977414131,0.059143154,0.048478164,0.017740272,0.014749064,0.041190358,0.061505964,4135.933621,53.66421318
173,TransU_Net,120,120,64,0.000239166,0.001501717,0.720855771,0.999431527,1.28E-09,11,128,0.01,0,4,0.2,1,Add,CrossEntropyLoss(),0.046758015,0.04224246,0.988265634,0.066735084,0.091825123,0.025575457,0.016934054,0.042557157,0.06610338,4172.865607,56.79339123
176,TransU_Net,120,120,64,7.61E-05,3.48E-05,0.975722052,0.997739043,2.35E-10,11,128,0.01,0,4,0.2,1,Add,"DiceBCELoss(
  (bce_loss): CrossEntropyLoss()
)",0.09209691,0.090040483,0.96397078,0.015239067,0.015364417,0.012037774,0.016964189,0.04137674,0.071756958,4124.585717,71.52033257
177,TransU_Net,120,120,64,0.000416415,0.009126762,0.845016122,0.999213848,9.64E-11,11,128,0.01,0,4,0.2,1,Add,CrossEntropyLoss(),0.165730119,0.16242367,0.951306701,0.052243621,0.467424284,0.07599148,0.014641006,0.028516402,0.0631834,4179.507814,23.18244028
180,TransU_Net,120,120,64,0.00019696,4.90E-05,0.94212348,0.998590988,1.25E-11,11,128,0.01,0,4,0.2,1,Add,CrossEntropyLoss(),0.058650468,0.054399185,0.982337594,0.052220371,0.060155283,0.01132412,0.017780406,0.055106859,0.062686382,4094.997926,72.33399796
182,TransU_Net,120,120,64,0.000607269,2.88E-06,0.614514579,0.901801978,1.14E-10,11,128,0.01,0,4,0.2,1,Add,"FocalLoss(
  (bce_loss): CrossEntropyLoss()
)",8.20E-05,6.08E-05,0.985984445,0.003996873,0.018972797,0.022363435,0.016228574,0.044980119,0.061133201,4079.230539,48.3145299
184,TransU_Net,120,120,64,0.002046237,1.52E-05,0.831099804,0.998056151,3.35E-09,11,128,0.01,0,4,0.2,1,Add,CrossEntropyLoss(),0.078505203,0.076064415,0.974192321,0.068932579,0.061035392,0.01652208,0.015856734,0.032554672,0.059766402,3890.264554,38.06127691
186,TransU_Net,120,120,64,6.26E-05,0.000611813,0.862990755,0.985838474,7.92E-11,11,128,0.01,0,4,0.2,1,Add,"DiceBCELoss(
  (bce_loss): CrossEntropyLoss()
)",0.089559078,0.085765332,0.966519773,0.012788233,0.01515477,0.016703198,0.019628348,0.040879722,0.064550199,3689.615026,98.23765373
187,TransU_Net,120,120,64,8.81E-05,9.65E-05,0.877062861,0.99982287,1.71E-09,11,128,0.01,0,4,0.2,1,Add,CrossEntropyLoss(),0.105004668,0.112271778,0.972327054,0.022929215,0.023867511,0.02862328,0.017282018,0.107107356,0.05125497,3692.089259,84.47935438
188,TransU_Net,120,120,64,0.000113139,6.39E-06,0.772427883,0.999871546,1.78E-10,11,128,0.01,0,4,0.2,1,Add,CrossEntropyLoss(),0.108830944,0.106096238,0.970923305,0.037738458,0.048203979,0.023507047,0.017550655,0.069520378,0.065295726,4070.440484,89.3479979
192,TransU_Net,120,120,64,0.000455442,1.98E-06,0.912569375,0.999266116,1.45E-11,11,128,0.01,0,4,0.2,1,Add,"FocalLoss(
  (bce_loss): CrossEntropyLoss()
)",0.000358788,0.00027884,0.979961276,0.008435692,0.010756002,0.014996781,0.016192909,0.057902584,0.062872763,4221.368886,81.68756175
193,TransU_Net,120,120,64,0.000151442,5.00E-09,0.952282804,0.994624445,1.57E-10,11,128,0.01,0,4,0.2,1,Add,CrossEntropyLoss(),0.07258518,0.070301823,0.976925731,0.043554633,0.051458363,0.016260412,0.016646719,0.052000497,0.064860835,4209.709093,106.7633209
197,TransU_Net,120,120,64,0.000856155,0.000408575,0.88457222,0.999372517,4.67E-11,11,128,0.01,0,4,0.2,1,Add,"DiceBCELoss(
  (bce_loss): CrossEntropyLoss()
)",0.075260147,0.072964944,0.970030546,0.039985827,0.039235159,0.010822241,0.015681905,0.037214215,0.058834493,4217.689375,34.43290973
198,TransU_Net,120,120,64,0.000175232,4.60E-05,0.988238436,0.990723174,3.82E-10,11,128,0.01,0,4,0.2,1,Add,CrossEntropyLoss(),0.100349784,0.096677788,0.967120409,0.04129741,0.048079531,0.024247787,0.017251039,0.056349404,0.063059145,4225.912788,78.59843588
200,TransU_Net,120,120,64,0.000215157,8.75E-06,0.515472933,0.927100843,1.80E-11,11,128,0.01,0,4,0.2,1,Add,CrossEntropyLoss(),0.058278967,0.055965375,0.980969667,0.048083686,0.086645897,0.032067618,0.018208102,0.056597913,0.056473658,4312.381067,90.35452533
203,TransU_Net,120,120,64,0.002336747,7.02E-05,0.597025989,0.997544012,1.02E-11,11,128,0.01,0,4,0.2,1,Add,CrossEntropyLoss(),0.12106736,0.117355436,0.95911479,0.054845735,0.043004993,0.013614654,0.014687823,0.03125,0.059083002,4228.742301,61.30332732
204,TransU_Net,120,120,64,0.000385769,3.53E-08,0.83465169,0.998979379,1.25E-10,11,128,0.01,0,4,0.2,1,Add,CrossEntropyLoss(),0.044826325,0.040840361,0.98651582,0.056003598,0.070184854,0.011906388,0.016167152,0.043116302,0.06610338,4214.799551,62.23559594
207,TransU_Net,120,120,64,0.000103872,0.000678996,0.761576862,0.971904867,9.41E-11,11,128,0.01,0,4,0.2,1,Add,"DiceBCELoss(
  (bce_loss): CrossEntropyLoss()
)",0.054020785,0.055142168,0.975689471,0.021854838,0.038295824,0.024034439,0.01812819,0.065668489,0.059704274,4136.802328,99.40526843
208,TransU_Net,120,120,64,0.000320874,1.35E-07,0.868651075,0.999719939,1.08E-09,11,128,0.01,0,4,0.2,1,Add,CrossEntropyLoss(),0.05060304,0.045928653,0.986063302,0.062343531,0.080291609,0.01445104,0.017318335,0.04249503,0.064550199,4142.006851,70.20240164
210,TransU_Net,120,120,64,0.002971982,0.000114375,0.853966889,0.99914589,2.62E-11,11,128,0.01,0,4,0.2,1,Add,CrossEntropyLoss(),0.136788532,0.133597925,0.953353584,0.046609691,0.046521736,0.01570661,0.014864417,0.033300199,0.06138171,4136.277637,43.82147861
212,TransU_Net,120,120,64,0.000460884,1.17E-08,0.937818339,0.998823753,2.34E-06,11,128,0.01,0,4,0.2,1,Add,"FocalLoss(
  (bce_loss): CrossEntropyLoss()
)",0.000370063,0.00029388,0.975473702,0.00893197,0.013445309,0.020860011,0.01771458,0.052311133,0.062624254,4134.591843,74.15158892
213,TransU_Net,120,120,64,7.25E-05,1.25E-06,0.658424328,0.999619584,2.77E-10,11,128,0.01,0,4,0.2,1,Add,CrossEntropyLoss(),0.127347261,0.123949289,0.969162107,0.023113716,0.0499136,0.017646967,0.019779967,0.048459245,0.067345924,4150.101502,115.8221385
214,TransU_Net,120,120,64,0.001592601,6.74E-07,0.739833759,0.998084811,4.69E-10,11,128,0.01,0,4,0.2,1,Add,CrossEntropyLoss(),0.088264026,0.08533524,0.970756948,0.058377173,0.217838887,0.045324561,0.015305994,0.036779324,0.058026839,4140.981784,63.3897438
216,TransU_Net,120,120,64,8.77E-05,0.002556558,0.563872713,0.997833583,1.01E-11,11,128,0.01,0,4,0.2,1,Add,CrossEntropyLoss(),0.070333324,0.065382838,0.983679295,0.039137198,0.05516628,0.024726515,0.017451562,0.050385189,0.06541998,3895.28475,60.14951181
217,TransU_Net,120,120,64,0.000661731,5.40E-06,0.823937188,0.97962549,1.54E-09,11,128,0.01,0,4,0.2,1,Add,"DiceBCELoss(
  (bce_loss): CrossEntropyLoss()
)",0.052099269,0.048786357,0.979271829,0.04418624,0.059410397,0.017594043,0.016392265,0.044172465,0.058275348,4069.779245,62.40270042
218,TransU_Net,120,120,64,0.00022459,2.24E-05,0.925026391,0.994085324,2.43E-09,11,128,0.01,0,4,0.2,1,Add,CrossEntropyLoss(),0.06044095,0.057534061,0.980751753,0.053823626,0.062699746,0.013395092,0.017393478,0.054485586,0.06361829,3861.258209,73.67526937
219,TransU_Net,120,120,64,0.000356134,0.000339781,0.878642247,0.998463438,4.02E-11,11,128,0.01,0,4,0.2,1,Add,CrossEntropyLoss(),0.041965701,0.038065266,0.988200366,0.067869433,0.079888823,0.014108096,0.017628763,0.039947813,0.063680417,3827.997359,69.97855306
222,TransU_Net,120,120,64,0.001357189,7.43E-05,0.985324696,0.99947974,1.39E-11,11,128,0.01,0,4,0.2,1,Add,"FocalLoss(
  (bce_loss): CrossEntropyLoss()
)",0.002523092,0.002342445,0.950487375,0.005392642,0.004878588,0.009360416,0.01400099,0.029075547,0.062810636,4068.311469,32.98535347
224,TransU_Net,120,120,64,0.00051133,4.67E-05,0.908576772,0.983966945,1.84E-11,11,128,0.01,0,4,0.2,1,Add,CrossEntropyLoss(),0.044881221,0.041661084,0.986332297,0.064935677,0.066760107,0.017639146,0.016610502,0.041998012,0.065544235,4174.046514,64.44100666
228,TransU_Net,120,120,64,0.000749383,1.43E-05,0.891310544,0.999032741,2.36E-10,11,128,0.01,0,4,0.2,1,Add,CrossEntropyLoss(),0.0561333,0.052441359,0.982831657,0.067075149,0.0710206,0.01950492,0.014998107,0.042992048,0.060014911,4225.003188,87.65041637
229,TransU_Net,120,120,64,0.000159346,0.000273355,0.731584278,0.989250928,6.43E-11,11,128,0.01,0,4,0.2,1,Add,CrossEntropyLoss(),0.047066793,0.043706335,0.985720873,0.045551712,0.070344276,0.014826596,0.017911971,0.061319583,0.058648111,4260.740115,111.7030847
231,TransU_Net,120,120,64,6.89E-05,0.007697255,0.782134018,0.999764594,1.18E-09,11,128,0.01,0,4,0.2,1,Add,"FocalLoss(
  (bce_loss): CrossEntropyLoss()
)",0.014734657,0.013480604,0.954262733,0.016953229,0.021541845,0.022154316,0.016812118,0.026279821,0.088841948,4242.131056,43.35802341
233,TransU_Net,120,120,64,4.17E-05,6.99E-06,0.715651113,0.999579497,6.34E-06,11,128,0.01,0,4,0.2,1,Add,CrossEntropyLoss(),0.217422873,0.210911304,0.952080965,0.030049916,0.016544304,0.014147879,0.016192297,0.033983598,0.081573062,4243.671642,97.42335415
236,TransU_Net,120,120,64,0.000295215,2.66E-05,0.801002654,0.998572089,4.38E-09,11,128,0.01,0,4,0.2,1,Add,CrossEntropyLoss(),0.042742789,0.039239019,0.986575365,0.059733653,0.076981703,0.013426574,0.018175901,0.056722167,0.062686382,4275.782944,77.60250235
239,TransU_Net,120,120,64,0.001215514,0.000181963,0.873423634,0.99702256,1.92E-09,11,128,0.01,0,4,0.2,1,Add,CrossEntropyLoss(),0.102790222,0.100584559,0.965843081,0.056058375,0.038391581,0.010092234,0.014529993,0.03485338,0.063556163,3740.62479,57.67545724
242,TransU_Net,120,120,64,0.000147387,4.00E-05,0.755944829,0.993718348,2.00E-10,11,128,0.01,0,4,0.2,1,Add,CrossEntropyLoss(),0.059055232,0.06182605,0.978807449,0.036697593,0.048602448,0.016369553,0.018907183,0.069333996,0.053926441,3978.024573,113.1129003
244,TransU_Net,120,120,64,0.000250337,0.002908351,0.823748834,0.997521931,1.04E-11,11,128,0.01,0,4,0.2,1,Add,CrossEntropyLoss(),0.065802626,0.062125262,0.982984185,0.052894377,0.081255542,0.020547911,0.018641373,0.046781809,0.061754473,3916.487714,60.40431571
248,TransU_Net,120,120,64,9.05E-05,0.00010436,0.652871011,0.999310449,1.85E-07,11,128,0.01,0,4,0.2,1,Add,CrossEntropyLoss(),0.084291525,0.08238408,0.97827065,0.025559902,0.040501155,0.01651625,0.019934264,0.061008946,0.062624254,3778.626626,76.86720371
252,TransU_Net,120,120,64,0.000115458,2.82E-05,0.812061882,0.999836467,1.26E-10,11,128,0.01,0,4,0.2,1,Add,CrossEntropyLoss(),0.084115647,0.082285129,0.978957057,0.046030644,0.048706325,0.010506673,0.01695853,0.057219185,0.063991054,3400.411091,75.72101402
254,TransU_Net,120,120,64,0.002108546,5.77E-08,0.976465492,0.998381553,6.22E-10,11,128,0.01,0,4,0.2,1,Add,CrossEntropyLoss(),0.115359835,0.1126647,0.960529149,0.053395718,0.047135717,0.016954827,0.016068581,0.033921471,0.059331511,3417.721973,40.3537035
255,TransU_Net,120,120,64,4.48E-05,0.001447518,0.843106814,0.998624434,2.59E-10,11,128,0.01,0,4,0.2,1,Add,CrossEntropyLoss(),0.216659084,0.207158267,0.960150123,0.030958898,0.012950029,0.008582121,0.018768276,0.029324056,0.078342445,3405.952872,43.62733054
257,TransU_Net,120,120,64,0.000392633,9.00E-05,0.78748737,0.998044543,7.30E-10,11,128,0.01,0,4,0.2,1,Add,CrossEntropyLoss(),0.035299573,0.03141614,0.989567876,0.066059557,0.086227587,0.017265722,0.016863042,0.042743539,0.063059145,3471.242588,52.33474469
258,TransU_Net,120,120,64,0.000226841,0.000148284,0.771638024,0.997846717,1.78E-10,11,128,0.01,0,4,0.2,1,Add,CrossEntropyLoss(),0.041588202,0.037598006,0.98762393,0.055125376,0.084642005,0.017499109,0.017935195,0.055852386,0.059145129,3584.100592,71.01556611
259,TransU_Net,120,120,64,0.000417066,3.69E-05,0.799059115,0.997029875,3.34E-10,11,128,0.01,0,4,0.2,1,Add,CrossEntropyLoss(),0.049187496,0.04451932,0.985594034,0.065186157,0.084173873,0.015892849,0.01611402,0.049577535,0.061133201,3608.859815,61.00845003
260,TransU_Net,120,120,64,0.000312111,0.000384835,0.864031192,0.999060787,6.95E-11,11,128,0.01,0,4,0.2,1,Add,CrossEntropyLoss(),0.045320064,0.041312248,0.987741828,0.070470041,0.082450817,0.012803255,0.016326006,0.047589463,0.06138171,3525.269093,61.6551311
261,TransU_Net,120,120,64,0.000191066,5.27E-05,0.72384505,0.998230542,1.49E-09,11,128,0.01,0,4,0.2,1,Add,CrossEntropyLoss(),0.047328144,0.043350603,0.986343026,0.05202142,0.06163703,0.011034972,0.016761176,0.048832008,0.067532306,3667.041981,75.16668582
262,TransU_Net,120,120,64,0.000847754,8.51E-05,0.825556621,0.997497683,5.14E-10,11,128,0.01,0,4,0.2,1,Add,CrossEntropyLoss(),0.047697783,0.04400488,0.985439777,0.06979844,0.072116521,0.017984953,0.01677986,0.047154573,0.058834493,3647.603791,47.16706252
263,TransU_Net,120,120,64,0.000515274,0.00070283,0.501529718,0.998755398,3.07E-09,11,128,0.01,0,4,0.2,1,Add,CrossEntropyLoss(),0.077587441,0.074855499,0.976185977,0.067686474,0.094779203,0.016949889,0.015858248,0.038394632,0.061071074,3446.296507,42.62607884
264,TransU_Net,120,120,64,0.000361297,1.89E-05,0.751839651,0.995909842,1.40E-10,11,128,0.01,0,4,0.2,1,Add,CrossEntropyLoss(),0.046202432,0.042386174,0.985897362,0.059914458,0.079292437,0.014087231,0.016515164,0.050012425,0.060636183,3538.976012,89.36232662
265,TransU_Net,120,120,64,0.000156448,0.000318372,0.8368719,0.994628385,2.03E-09,11,128,0.01,0,4,0.2,1,Add,CrossEntropyLoss(),0.04610496,0.043091618,0.986424446,0.049013727,0.057984289,0.010929862,0.019489249,0.067097416,0.059269384,3686.100174,76.91825819
266,TransU_Net,120,120,64,0.00068086,1.01E-05,0.783423352,0.998492122,5.06E-09,11,128,0.01,0,4,0.2,1,Add,CrossEntropyLoss(),0.05145324,0.048247628,0.983689189,0.066578416,0.077577203,0.014688928,0.015676078,0.038581014,0.062065109,3710.452401,59.54190969
267,TransU_Net,120,120,64,0.000265119,0.0001372,0.596779254,0.999123606,4.83E-11,11,128,0.01,0,4,0.2,1,Add,CrossEntropyLoss(),0.040087428,0.035617772,0.989182055,0.062707778,0.06922781,0.016274559,0.01616429,0.051441352,0.063307654,3688.333229,55.9867487
268,TransU_Net,120,120,64,0.000269119,0.000113445,0.621225584,0.999173191,5.61E-11,11,128,0.01,0,4,0.2,1,Add,CrossEntropyLoss(),0.045334637,0.040133446,0.988320649,0.068921917,0.071794272,0.016254269,0.016787931,0.042619284,0.064985089,3698.668321,41.83654213
270,TransU_Net,120,120,64,0.000128275,5.20E-06,0.695622622,0.998028695,7.22E-10,11,128,0.01,0,4,0.2,1,Add,CrossEntropyLoss(),0.067646489,0.0667134,0.978944778,0.040242051,0.056810398,0.01870026,0.016164225,0.077534791,0.059890656,3454.168265,70.02792287
271,TransU_Net,120,120,64,0.000171877,0.000213269,0.912386789,0.999372579,2.36E-10,11,128,0.01,0,4,0.2,1,Add,CrossEntropyLoss(),0.064724773,0.060499169,0.981953204,0.054932118,0.063312111,0.018849745,0.018196171,0.045166501,0.064550199,3440.230398,77.38107824
272,TransU_Net,120,120,64,0.001303283,0.000523376,0.588631057,0.998910228,1.05E-10,11,128,0.01,0,4,0.2,1,Add,CrossEntropyLoss(),0.136555582,0.133028105,0.954755545,0.053025077,0.37717862,0.068920177,0.015751617,0.032244036,0.061443837,3782.106058,46.99358988
273,TransU_Net,120,120,64,0.000543672,4.16E-05,0.867100137,0.999235787,7.36E-11,11,128,0.01,0,4,0.2,1,Add,CrossEntropyLoss(),0.046574242,0.043320645,0.98582685,0.065598357,0.091163316,0.023344929,0.016246627,0.047403082,0.062686382,3756.253167,76.28275776
274,TransU_Net,120,120,64,0.000427932,7.07E-05,0.657806796,0.999090947,1.17E-09,11,128,0.01,0,4,0.2,1,Add,"DiceBCELoss(
  (bce_loss): CrossEntropyLoss()
)",0.032071881,0.031005811,0.986916423,0.04600904,0.059624407,0.016508942,0.016619027,0.043986083,0.068402087,3789.52997,57.60131526
276,TransU_Net,120,120,64,7.70E-05,0.000162064,0.882469077,0.996466701,4.63E-11,11,128,0.01,0,4,0.2,1,Add,CrossEntropyLoss(),0.096594378,0.094712846,0.971836448,0.035838206,0.028678255,0.009204595,0.019911474,0.066289761,0.059331511,3750.976804,115.4570749
278,TransU_Net,120,120,64,0.000209089,2.81E-05,0.858288972,0.998751365,1.57E-10,11,128,0.01,0,4,0.2,1,Add,CrossEntropyLoss(),0.047199279,0.043784045,0.98589325,0.05163952,0.073903172,0.014039924,0.019019217,0.062562127,0.060760437,3800.461934,104.2758968
279,TransU_Net,120,120,64,9.83E-05,0.000287784,0.75840767,0.997661336,1.58E-11,11,128,0.01,0,4,0.2,1,Add,"FocalLoss(
  (bce_loss): CrossEntropyLoss()
)",0.001000671,0.000860391,0.976454914,0.013525634,0.013283624,0.029121571,0.018474646,0.06069831,0.062313618,3725.740101,89.54693961
280,TransU_Net,120,120,64,0.000655627,0.001149832,0.846416253,0.998351377,3.99E-10,11,128,0.01,0,4,0.2,1,Add,CrossEntropyLoss(),0.101032853,0.097331032,0.968598902,0.054454068,0.08706003,0.033281968,0.015546229,0.042867793,0.058337475,3775.399351,44.40677953
281,TransU_Net,120,120,64,0.000367752,7.04E-06,0.801355714,0.999741016,2.80E-10,11,128,0.01,0,4,0.2,1,Add,CrossEntropyLoss(),0.044042133,0.041641846,0.987119436,0.063901105,0.094027267,0.020083775,0.016793454,0.039823559,0.066600398,3800.735671,56.61879992
283,TransU_Net,120,120,64,0.000259198,3.48E-06,0.705468793,0.999669716,2.02E-10,11,128,0.01,0,4,0.2,1,Add,"DiceBCELoss(
  (bce_loss): CrossEntropyLoss()
)",0.042314127,0.039921373,0.984373748,0.039296335,0.058444019,0.016669911,0.017883663,0.049577535,0.063494036,3886.035745,49.55348396
284,TransU_Net,120,120,64,0.000128891,0.000444201,0.773504495,0.997836911,8.70E-10,11,128,0.01,0,4,0.2,1,Add,CrossEntropyLoss(),0.054968663,0.051814519,0.983683527,0.046901818,0.044899775,0.014355266,0.016908793,0.040320577,0.075236083,3886.455395,99.13061881
286,TransU_Net,120,120,64,0.000816762,6.14E-05,0.504082474,0.996786335,2.23E-11,11,128,0.01,0,4,0.2,1,Add,CrossEntropyLoss(),0.075864047,0.071351171,0.976449251,0.063062341,0.12481755,0.030736946,0.016825447,0.041003976,0.055728131,3957.312694,49.0747416
289,TransU_Net,120,120,64,0.000187689,0.000627671,0.658364411,0.993601727,5.16E-10,11,128,0.01,0,4,0.2,1,Add,"FocalLoss(
  (bce_loss): CrossEntropyLoss()
)",0.001454506,0.001237025,0.972939372,0.009290987,0.115937243,0.046748977,0.017174995,0.042992048,0.066227634,4127.222493,65.59800935
290,TransU_Net,120,120,64,0.002974316,3.27E-05,0.935207314,0.995926533,5.94E-11,11,128,0.01,0,4,0.2,1,Add,CrossEntropyLoss(),0.138520151,0.137154251,0.95128125,0.043412151,0.025734564,0.010409276,0.015412759,0.023918986,0.063245527,4130.561641,72.93959379
291,TransU_Net,120,120,64,0.000437816,0.000139471,0.618753651,0.998216419,2.50E-09,11,128,0.01,0,4,0.2,1,Add,CrossEntropyLoss(),0.03905385,0.035211183,0.988734007,0.068445836,0.088439933,0.021841067,0.016393515,0.046160537,0.062997018,4137.765909,71.42950511
293,TransU_Net,120,120,64,0.000221906,0.00386608,0.788414947,0.999260807,1.00E-07,11,128,0.01,0,4,0.2,1,Add,CrossEntropyLoss(),0.088860855,0.08489047,0.978614688,0.063275027,0.097070423,0.025376957,0.015479461,0.05125497,0.060884692,4312.604168,65.01827502
294,TransU_Net,120,120,64,0.000345755,2.13E-06,0.742174971,0.994933095,6.24E-09,11,128,0.01,0,4,0.2,1,Add,"DiceBCELoss(
  (bce_loss): CrossEntropyLoss()
)",0.039994434,0.037007891,0.984389186,0.04180967,0.058041454,0.018903713,0.017359268,0.052683897,0.059455765,4383.161449,78.25403333
295,TransU_Net,120,120,64,8.95E-05,8.03E-07,0.808236995,0.999553306,4.71E-11,11,128,0.01,0,4,0.2,1,Add,CrossEntropyLoss(),0.138158619,0.142766058,0.960344195,0.044163672,0.034711807,0.012355989,0.017945123,0.032678926,0.08499006,3972.750429,287.8847589
296,TransU_Net,120,120,64,0.000150557,5.34E-05,0.88835902,0.998917119,1.28E-10,11,128,0.01,0,4,0.2,1,Add,CrossEntropyLoss(),0.062141985,0.058575362,0.981820226,0.049892315,0.047924816,0.010768537,0.016907921,0.049080517,0.071135686,3360.320019,41.53623652
298,TransU_Net,120,120,64,0.000112769,8.84E-05,0.856893161,0.990059433,1.60E-11,11,128,0.01,0,4,0.2,1,Add,CrossEntropyLoss(),0.069144145,0.067692406,0.977944732,0.027878239,0.034014039,0.011469694,0.018895418,0.068029324,0.06361829,3394.426441,75.56607604
302,TransU_Net,120,120,64,0.000611699,0.00600382,0.842912735,0.999124024,7.30E-11,11,128,0.01,0,4,0.2,1,Add,CrossEntropyLoss(),0.159974694,0.156297043,0.950015545,0.047499932,0.612022061,0.075665251,0.014343432,0.030815109,0.062127237,3371.034064,28.70253444
304,TransU_Net,120,120,64,0.00025157,0.001841386,0.540567331,0.998631621,2.62E-11,11,128,0.01,0,4,0.2,1,Add,CrossEntropyLoss(),0.064488992,0.060382038,0.982551813,0.062189688,0.090024994,0.021944198,0.017386042,0.047775845,0.064177435,3382.452756,40.77250457
305,TransU_Net,120,120,64,0.001714863,2.24E-05,0.755546233,0.996503682,1.32E-11,11,128,0.01,0,4,0.2,1,Add,"DiceBCELoss(
  (bce_loss): CrossEntropyLoss()
)",0.06812682,0.06554348,0.972137928,0.043839952,0.068937765,0.03251622,0.014803854,0.032306163,0.059455765,3405.933481,40.17567253
306,TransU_Net,120,120,64,0.000392202,1.13E-09,0.779237561,0.998803853,1.96E-09,11,128,0.01,0,4,0.2,1,Add,CrossEntropyLoss(),0.058102887,0.0529636,0.982771993,0.062230841,0.0682352,0.016208126,0.016192529,0.047340954,0.060325547,3347.4992,46.32315707
307,TransU_Net,120,120,64,0.000172436,1.18E-05,0.899040942,0.994166259,4.25E-10,11,128,0.01,0,4,0.2,1,Add,CrossEntropyLoss(),0.070651494,0.070786178,0.97544378,0.049343921,0.050276649,0.011735685,0.016428727,0.069085487,0.056597913,3371.082596,42.88209534
311,TransU_Net,120,120,64,0.000483434,0.00013412,0.942451915,0.999077958,1.09E-10,11,128,0.01,0,4,0.2,1,Add,"FocalLoss(
  (bce_loss): CrossEntropyLoss()
)",0.00058928,0.00047572,0.977070451,0.008121701,0.012840924,0.015760892,0.017018512,0.042805666,0.060636183,3273.263535,43.79833889
312,TransU_Net,120,120,64,6.80E-05,3.01E-05,0.632750952,0.972409521,1.06E-09,11,128,0.01,0,4,0.2,1,Add,CrossEntropyLoss(),0.127413437,0.132680327,0.954400063,0.013975986,0.022842185,0.022745546,0.01821513,0.058088966,0.058026839,3333.180412,72.74011421
313,TransU_Net,120,120,64,4.84E-05,0.000101045,0.806401805,0.999799427,5.17E-11,11,128,0.01,0,4,0.2,1,Add,CrossEntropyLoss(),0.204969123,0.197723731,0.955315113,0.028462365,0.026260896,0.017650759,0.019236522,0.044545229,0.067035288,3268.531222,36.98316312
315,TransU_Net,120,120,64,0.000212896,6.83E-05,0.880377438,0.996947323,7.07E-10,11,128,0.01,0,4,0.2,1,Add,CrossEntropyLoss(),0.048181713,0.044224646,0.985288978,0.052430608,0.05781182,0.010778738,0.017655395,0.045787773,0.06790507,3290.092853,40.97288489
316,TransU_Net,120,120,64,0.000724648,1.17E-06,0.677651351,0.909015793,2.12E-11,11,128,0.01,0,4,0.2,1,Add,"DiceBCELoss(
  (bce_loss): CrossEntropyLoss()
)",0.049475498,0.046238914,0.98048985,0.044788147,0.056859818,0.01688931,0.015917127,0.051068588,0.058088966,3316.210588,49.11627054
317,TransU_Net,120,120,64,0.001502703,6.76E-06,0.824989377,0.998023069,7.64E-11,11,128,0.01,0,4,0.2,1,Add,CrossEntropyLoss(),0.070862412,0.066629589,0.977431536,0.064444414,0.069595191,0.013125787,0.013786443,0.041066103,0.059393638,3268.146816,55.0495522
318,TransU_Net,120,120,64,0.001011409,0.000957059,0.738488407,0.999201902,1.85E-10,11,128,0.01,0,4,0.2,1,Add,CrossEntropyLoss(),0.143406183,0.141720027,0.95160079,0.0493181,0.048823313,0.012536494,0.016180493,0.028640656,0.059269384,3315.024975,42.37652397
320,TransU_Net,120,120,64,8.13E-05,0.000342703,0.794132406,0.999884152,5.55E-10,11,128,0.01,0,4,0.2,1,Add,CrossEntropyLoss(),0.113164321,0.109661572,0.972533941,0.035028493,0.047826967,0.013247825,0.017943864,0.030193837,0.077224155,3392.128771,27.91855288
322,TransU_Net,120,120,64,0.000382873,0.000597913,0.703226325,0.991190297,1.99E-11,11,128,0.01,0,4,0.2,1,Add,"FocalLoss(
  (bce_loss): CrossEntropyLoss()
)",0.002760047,0.002517873,0.957846105,0.007370628,0.276065539,0.079513586,0.015840426,0.036530815,0.061505964,3279.58687,19.3616426
324,TransU_Net,120,120,64,0.000239436,1.89E-07,0.504349472,0.999704157,1.04E-11,11,128,0.01,0,4,0.2,1,Add,CrossEntropyLoss(),0.048052743,0.045566872,0.985913038,0.060522843,0.080315865,0.017852059,0.016733158,0.054485586,0.065109344,3287.04025,51.14074755
326,TransU_Net,120,120,64,0.000834747,3.68E-05,0.86013424,0.997505815,1.57E-09,11,128,0.01,0,4,0.2,1,Add,CrossEntropyLoss(),0.065463126,0.061574943,0.979681134,0.064798753,0.068156022,0.019855324,0.017640265,0.03889165,0.057219185,3346.793457,53.96874666
327,TransU_Net,120,120,64,0.00014833,0.003241018,0.833081852,0.999517257,9.68E-10,11,128,0.01,0,4,0.2,1,Add,"DiceBCELoss(
  (bce_loss): CrossEntropyLoss()
)",0.04918956,0.045924257,0.986851811,0.034491099,0.076703121,0.029738356,0.018801944,0.048210736,0.061257455,3366.743063,29.44805169
331,TransU_Net,120,120,64,0.00044032,4.26E-05,0.90899905,0.946990477,5.92E-11,11,128,0.01,0,4,0.2,1,Add,CrossEntropyLoss(),0.04570917,0.042283293,0.986112475,0.061317487,0.071689532,0.011882598,0.017563495,0.052683897,0.057716203,3836.803315,85.88637114
333,TransU_Net,120,120,64,0.000269094,7.39E-06,0.785915569,0.997900124,1.29E-11,11,128,0.01,0,4,0.2,1,Add,"FocalLoss(
  (bce_loss): CrossEntropyLoss()
)",0.000232279,0.000183224,0.981072247,0.0077922,0.019665455,0.018778139,0.017030475,0.055728131,0.061568091,3844.267602,111.2548757
335,TransU_Net,120,120,64,0.000329174,0.000142305,0.817022134,0.998671152,2.30E-10,11,128,0.01,0,4,0.2,1,Add,CrossEntropyLoss(),0.047347374,0.043607891,0.986085176,0.066581027,0.074445505,0.017511235,0.016657438,0.051689861,0.060387674,3846.405728,80.56832576
338,TransU_Net,120,120,64,0.000510234,9.31E-05,0.982564378,0.995595392,3.40E-10,11,128,0.01,0,4,0.2,1,Add,"DiceBCELoss(
  (bce_loss): CrossEntropyLoss()
)",0.077725559,0.075198933,0.967832804,0.038367595,0.048071751,0.013077328,0.014664871,0.036033797,0.060946819,3824.294895,53.30248713
340,TransU_Net,120,120,64,0.000632671,5.75E-07,0.671111572,0.998837144,6.55E-11,11,128,0.01,0,4,0.2,1,Add,CrossEntropyLoss(),0.049302608,0.047293119,0.984446168,0.066826653,0.071204399,0.019247351,0.015007526,0.039512922,0.066041252,3815.311327,66.3242147
342,TransU_Net,120,120,64,0.000109479,2.43E-05,0.572700071,0.998471192,4.69E-11,11,128,0.01,0,4,0.2,1,Add,CrossEntropyLoss(),0.082973331,0.07968083,0.976330757,0.043697636,0.052724956,0.012319569,0.016188572,0.044172465,0.07014165,3822.672336,71.72359753
345,TransU_Net,120,120,64,0.000742212,3.99E-06,0.869988371,0.999251917,4.59E-09,11,128,0.01,0,4,0.2,1,Add,CrossEntropyLoss(),0.060495947,0.056356765,0.98134768,0.065114342,0.071451568,0.020114962,0.015507324,0.049826044,0.058648111,3820.095974,49.96295285
346,TransU_Net,120,120,64,7.63E-05,0.001926084,0.802980847,0.998992213,2.32E-08,11,128,0.01,0,4,0.2,1,Add,CrossEntropyLoss(),0.077861868,0.072635084,0.982967257,0.026894355,0.044924453,0.033960195,0.019968308,0.0465333,0.064425944,3816.532356,87.06293964
347,TransU_Net,120,120,64,0.00029451,0.000296032,0.608790599,0.996606341,1.72E-10,11,128,0.01,0,4,0.2,1,Add,CrossEntropyLoss(),0.0337127,0.029656891,0.990800977,0.060831539,0.066747673,0.017709445,0.018338869,0.044234592,0.061630219,3827.894749,66.18102074
349,TransU_Net,120,120,64,0.000131779,0.0141032,0.752913005,0.97342658,2.06E-09,11,128,0.01,0,4,0.2,1,Add,CrossEntropyLoss(),0.093860552,0.089865804,0.980995774,0.051452875,0.060101278,0.013447446,0.017080861,0.037027833,0.068899105,3829.149146,49.23920989
351,TransU_Net,120,120,64,0.000450953,0.000360855,0.720274024,0.942202177,2.92E-10,11,128,0.01,0,4,0.2,1,Add,CrossEntropyLoss(),0.048901446,0.045264371,0.985747457,0.061652728,0.08256086,0.023970069,0.016830915,0.04181163,0.061754473,3819.520798,52.13847589
355,TransU_Net,120,120,64,0.000589309,0.000947598,0.901443502,0.916796446,2.08E-10,11,128,0.01,0,4,0.2,1,Add,CrossEntropyLoss(),0.09057264,0.08853171,0.971042752,0.05376459,0.091722825,0.02122578,0.015860666,0.041003976,0.063307654,3674.394249,49.55908632
358,TransU_Net,120,120,64,0.000296283,1.83E-05,0.819483318,0.937459597,8.26E-10,11,128,0.01,0,4,0.2,1,Add,CrossEntropyLoss(),0.050585236,0.047100399,0.984392762,0.055043952,0.075057315,0.013419265,0.016668964,0.054982604,0.063059145,3666.923953,58.65979218
360,TransU_Net,120,120,64,9.98E-05,0.000193844,0.737474308,0.963163763,6.96E-08,11,128,0.01,0,4,0.2,1,Add,CrossEntropyLoss(),0.076058298,0.074344903,0.976531565,0.028231311,0.043493513,0.018435755,0.016986027,0.056784294,0.068712724,3808.646615,88.35017371
361,TransU_Net,120,120,64,0.000493206,3.21E-05,0.621964323,0.99334154,2.48E-09,11,128,0.01,0,4,0.2,1,Add,CrossEntropyLoss(),0.063942321,0.058869559,0.980505586,0.061113025,0.094136145,0.023872194,0.017552041,0.041438867,0.059517893,3839.254152,77.84997368
363,TransU_Net,120,120,64,0.000226559,0.003332084,0.852046037,0.994909423,8.75E-11,11,128,0.01,0,4,0.2,1,Add,CrossEntropyLoss(),0.055575676,0.050716773,0.986152053,0.054108564,0.097678838,0.02465573,0.017949706,0.044980119,0.062748509,3813.496399,56.5762887
366,TransU_Net,120,120,64,0.003187669,5.98E-05,0.948222464,0.996696924,1.09E-09,11,128,0.01,0,4,0.2,1,Add,CrossEntropyLoss(),0.143693089,0.141828835,0.950701952,0.040499032,0.03002868,0.01022615,0.014391424,0.029821074,0.058337475,3795.25133,39.88187265
372,TransU_Net,120,120,64,0.000422793,5.47E-06,0.882690089,0.997409902,3.15E-11,11,128,0.01,0,4,0.2,1,Add,"DiceBCELoss(
  (bce_loss): CrossEntropyLoss()
)",0.043283962,0.040742073,0.982876658,0.044053039,0.064038962,0.018742884,0.017751312,0.050509443,0.061568091,3839.84953,67.24947739
376,TransU_Net,120,120,64,0.000995006,3.62E-07,0.719608231,0.995994837,7.08E-10,11,128,0.01,0,4,0.2,1,Add,CrossEntropyLoss(),0.080147579,0.076982506,0.973891258,0.058930122,0.116135382,0.028765353,0.01565888,0.045104374,0.052497515,3806.334322,73.63842773
378,TransU_Net,120,120,64,0.000350415,0.000152321,0.828678187,0.980480938,5.49E-11,11,128,0.01,0,4,0.2,1,Add,"FocalLoss(
  (bce_loss): CrossEntropyLoss()
)",0.000651418,0.000519964,0.976817369,0.004831744,0.010303544,0.017785657,0.016619104,0.046595427,0.059455765,3788.723467,37.26466584
379,TransU_Net,120,120,64,0.000155313,4.85E-05,0.792678595,0.998694551,1.83E-06,11,128,0.01,0,4,0.2,1,Add,CrossEntropyLoss(),0.059395127,0.05769055,0.980778694,0.046401452,0.051894292,0.009089068,0.018332595,0.06902336,0.059207256,3781.580428,88.88670945
380,TransU_Net,120,120,64,0.000734655,1.63E-08,0.876201481,0.969028263,3.68E-11,11,128,0.01,0,4,0.2,1,Add,CrossEntropyLoss(),0.082112998,0.078038432,0.973061442,0.054968703,0.104545748,0.028536177,0.014904488,0.041625249,0.057591948,3811.891892,70.35669231
382,TransU_Net,120,120,64,0.000201195,0.001024614,0.810475889,0.900957749,1.81E-11,11,128,0.01,0,4,0.2,1,Add,CrossEntropyLoss(),0.036562979,0.03240307,0.99002558,0.04729235,0.082430577,0.014771355,0.018188237,0.045352883,0.063866799,3830.803427,46.52992535
383,TransU_Net,120,120,64,9.65E-05,0.005637262,0.50611057,0.913167688,1.28E-11,11,128,0.01,0,4,0.2,1,Add,CrossEntropyLoss(),0.062639304,0.056369662,0.987512231,0.02815067,0.056973684,0.016721095,0.019482398,0.045974155,0.063866799,3829.844337,67.81961393
385,TransU_Net,120,120,64,5.28E-05,0.019455509,0.668026452,0.927242373,2.12E-11,11,128,0.01,0,4,0.2,1,Add,"DiceBCELoss(
  (bce_loss): CrossEntropyLoss()
)",0.142315596,0.139548272,0.954509377,0.013862536,0.04286148,0.033250262,0.016810786,0.027460239,0.082753479,3812.346925,28.05897999
386,TransU_Net,120,120,64,7.08E-05,0.000987384,0.847956571,0.923826514,1.02E-11,11,128,0.01,0,4,0.2,1,Add,CrossEntropyLoss(),0.102499649,0.114128307,0.962058902,0.020634539,0.028344338,0.034581869,0.017884472,0.076043738,0.058026839,3821.848021,121.923465
387,TransU_Net,120,120,64,4.22E-05,0.001760648,0.737074506,0.950367227,2.82E-11,11,128,0.01,0,4,0.2,1,Add,TverskyLoss(),0.103766553,0.098435402,0.956112862,0.020675634,0.028969704,0.022044525,0.016651068,0.025720676,0.08902833,3827.791546,42.74883294
389,TransU_Net,120,120,64,0.000192939,0.010235913,0.912598175,0.904396379,1.32E-11,11,128,0.01,0,4,0.2,1,Add,CrossEntropyLoss(),0.102793604,0.09923435,0.974114656,0.045728737,0.085148147,0.020272492,0.01691062,0.044420974,0.065979125,3820.937881,36.22003269
390,TransU_Net,120,120,64,2.85E-05,0.030166587,0.895164843,0.935215673,4.00E-11,11,128,0.01,0,4,0.2,1,Add,"FocalLoss(
  (bce_loss): CrossEntropyLoss()
)",0.055482797,0.053646002,0.969900966,0.03072544,0.026149375,0.034757982,0.018299515,0.025782803,0.081200298,3834.914716,129.11011
392,TransU_Net,120,120,64,0.000114805,0.00034675,0.566824352,0.976461152,9.53E-11,11,128,0.01,0,4,0.2,1,Add,CrossEntropyLoss(),0.066825613,0.070387363,0.976062417,0.033340478,0.042725978,0.013595902,0.017703133,0.095613817,0.055044732,3814.063957,129.3733556
396,TransU_Net,120,120,64,0.000415252,0.003577644,0.784370022,0.901217256,2.57E-10,11,128,0.01,0,4,0.2,1,Add,CrossEntropyLoss(),0.108458199,0.104968049,0.968728781,0.050261531,0.087355845,0.022534017,0.016257687,0.045104374,0.059393638,3823.602884,59.07677841
397,TransU_Net,120,120,64,0.0001531,0.002093144,0.829211858,0.905603923,1.82E-09,11,128,0.01,0,4,0.2,1,Add,CrossEntropyLoss(),0.043863852,0.04028574,0.989029706,0.042565637,0.073967121,0.017910755,0.0186884,0.05485835,0.060263419,3826.07007,67.08094692
